{
  "controller/adminView-dbg.controller.js": 1718865378121,
  "controller/userView.controller.js": 1718865378121,
  "model/models.js": 1718865378125,
  "manifest.json": 1718865939371,
  "controller/loginView.controller.js": 1718865378121,
  "controller/baseController.js": 1718865378121,
  "controller/adminView.controller.js": 1718865378121,
  "controller/App.controller.js": 1718865378121,
  "Component.js": 1718865378121,
  "Component-preload.js": 1718865939682,
  "i18n/i18n.properties": 1718865378121,
  "controller/userView-dbg.controller.js": 1718865378121,
  "controller/loginView-dbg.controller.js": 1718865378121,
  "controller/baseController-dbg.js": 1718865378121,
  "model/models-dbg.js": 1718865378125,
  "controller/App-dbg.controller.js": 1718865378121,
  "Component-dbg.js": 1718865378121,
  "view/userView.view.xml": 1718865378125,
  "view/loginView.view.xml": 1718865378125,
  "view/adminView.view.xml": 1718865378125,
  "view/App.view.xml": 1718865378125,
  "images/userEmily.jpg": 1718865378125,
  "images/user5.jpg": 1718865378125,
  "images/user4.jpg": 1718865378125,
  "images/user3.jpg": 1718865378125,
  "images/user2.jpg": 1718865378125,
  "images/user1.jpg": 1718865378125,
  "images/Sophia.jpg": 1718865378125,
  "images/Admin.jpg": 1718865378121,
  "fragments/loginPopup.fragment.xml": 1718865378121,
  "fragments/loanCreate.fragment.xml": 1718865378121,
  "fragments/createBook.fragment.xml": 1718865378121,
  "fragments/Signup.fragment.xml": 1718865378121,
  "fragments/Reservations.fragment.xml": 1718865378121,
  "fragments/AllBooksUser.fragment.xml": 1718865378121,
  "fragments/ActiveLoans.fragment.xml": 1718865378121,
  "css/style.css": 1718865378121,
  "index.html": 1718865378125
}